Domain,Status,Attractiveness,Demand,Length,Sectors,Created,Expires,Registrar
one.holiday,resell,132,43%,3,"Business,General,Media,Technology",14/03/2025 15:15,14/03/2026 15:15,"Sav.com, LLC - 18"
brief.holiday,available,124,19%,5,"Business,Education,General,Law",,,
complete.holiday,available,120,21%,8,"Manufacturing,Retail,Technology",,,
second.holiday,available,120,23%,6,"General,Mathematics",,,
wizard.holiday,available,118,42%,6,"Entertainment,Media,Technology",,,
equal.holiday,available,116,19%,5,"Education,General,Law",,,
tenth.holiday,available,116,7%,5,Mathematics,,,
tonic.holiday,available,114,22%,5,"Health and Fitness,Medicine,Science",,,
acute.holiday,available,112,9%,5,"Mathematics,Medicine,Science",,,
above.holiday,available,112,22%,5,Business,,,
hotshot.holiday,available,112,14%,7,"Business,Entertainment,Sports",,,
abstract.holiday,available,108,29%,8,"Arts,Humanities,Science",,,
abiding.holiday,available,106,5%,7,"General,Religion",,,
teen.holiday,available,104,14%,4,"Education,Entertainment,Healthcare",,,
active.holiday,available,104,27%,6,"Health and Fitness,Sports,Travel",,,
expert.holiday,available,104,26%,6,"Business,Education,Technology",,,
absent.holiday,available,102,8%,6,"Business,Education,Technology",,,
captive.holiday,available,102,14%,7,"Entertainment,Hospitality,Technology",,,
eight.holiday,available,102,23%,5,"General,Mathematics",,,
eighth.holiday,available,100,6%,6,Mathematics,,,
crack.holiday,available,100,20%,5,Sports,,,
remove.holiday,available,100,13%,6,"Construction,Manufacturing,Technology",,,
abrupt.holiday,available,100,3%,6,"Medicine,Science",,,
sixth.holiday,available,100,8%,5,Mathematics,,,
third.holiday,available,100,15%,5,Mathematics,,,
whiz.holiday,available,100,12%,4,"Business,Education,Technology",,,
adjunct.holiday,available,100,5%,7,Education,,,
ninth.holiday,available,100,9%,5,Mathematics,,,
whizz.holiday,available,98,11%,5,"Business,Education,Technology",,,
actual.holiday,available,96,22%,6,"Real Estate,Retail,Technology",,,
forgiving.holiday,available,96,3%,9,"Healthcare,Religion",,,
alamode.holiday,available,96,12%,9,Fashion,,,
academic.holiday,available,96,20%,8,"Education,Humanities,Science",,,
doable.holiday,available,96,9%,6,"Business,Education,Technology",,,
virtuoso.holiday,available,94,16%,8,"Arts,Entertainment",,,
around.holiday,available,94,22%,6,"Business,General,Media,Technology",,,
abject.holiday,available,94,7%,6,Humanities,,,
adequate.holiday,available,94,9%,8,"Education,Healthcare,Technology",,,
about.holiday,available,94,28%,5,"Business,General,Media,Technology",,,
twentieth.holiday,available,92,3%,9,Mathematics,,,
neutral.holiday,available,92,20%,7,"Business,Media,Politics",,,
nought.holiday,available,92,4%,6,Mathematics,,,
derelict.holiday,available,92,7%,8,"Construction,Real Estate",,,
adept.holiday,available,92,24%,5,"Education,Health and Fitness,Sports",,,
abroad.holiday,available,92,12%,6,"Hospitality,Travel",,,
adjective.holiday,available,92,5%,9,Education,,,
exemplary.holiday,available,92,5%,9,"Business,Education,Healthcare",,,
abortive.holiday,available,90,1%,8,"Medicine,Science",,,
adoring.holiday,available,90,2%,7,"Entertainment,Fashion,Retail",,,
endearing.holiday,available,90,1%,9,"Entertainment,Fashion,Retail",,,
clear.holiday,available,90,47%,5,"Manufacturing,Retail,Technology",,,
addictive.holiday,available,90,9%,9,Healthcare,,,
additional.holiday,available,90,8%,10,"Fashion,Retail,Technology",,,
leash.holiday,available,90,7%,5,"General,Health and Fitness,Retail",,,
riveting.holiday,available,90,6%,8,"Entertainment,Media,Technology",,,
gripping.holiday,available,90,3%,8,"Entertainment,Media,Technology",,,
three.holiday,available,88,23%,5,Mathematics,,,
fifteen.holiday,available,88,13%,7,Mathematics,,,
ace.holiday,available,88,34%,3,Sports,,,
activist.holiday,available,88,12%,8,"Humanities,Politics",,,
adlib.holiday,available,88,7%,6,Entertainment,,,
proficient.holiday,available,88,8%,10,"Education,Health and Fitness,Sports",,,
hundred.holiday,available,88,13%,7,Mathematics,,,
twelve.holiday,available,88,18%,6,"General,Mathematics",,,
actionable.holiday,available,88,13%,10,"Business,Law",,,
eleven.holiday,available,88,32%,6,Mathematics,,,
ten.holiday,available,88,27%,3,"General,Mathematics",,,
wide.holiday,available,88,18%,4,"Business,Media,Technology",,,
sixteen.holiday,available,88,10%,7,Mathematics,,,
xiv.holiday,available,86,12%,3,Mathematics,,,
cipher.holiday,available,86,29%,6,Mathematics,,,
engrossing.holiday,available,86,0%,10,"Entertainment,Media,Technology",,,
adolescent.holiday,available,86,3%,10,"Education,Entertainment,Healthcare",,,
attendant.holiday,available,86,5%,9,"Healthcare,Hospitality,Transportation",,,
aboriginal.holiday,available,86,10%,10,Humanities,,,
recondite.holiday,available,86,4%,9,"Arts,Humanities,Science",,,
star.holiday,resell,86,40%,4,"Entertainment,Media,Sports",29/06/2025 17:00,29/06/2026 17:00,Dynadot Inc
xix.holiday,available,86,10%,3,Mathematics,,,
extempore.holiday,available,86,3%,9,Entertainment,,,
intent.holiday,available,86,25%,6,"Business,Education,Technology",,,
thousand.holiday,available,84,8%,8,Mathematics,,,
twentyone.holiday,available,84,13%,10,Mathematics,,,
fourteen.holiday,available,84,8%,8,Mathematics,,,
thirteen.holiday,available,84,10%,8,Mathematics,,,
adjustable.holiday,available,84,3%,10,"Manufacturing,Retail,Technology",,,
nineteen.holiday,available,84,8%,8,Mathematics,,,
sharp.holiday,available,84,34%,5,"Arts,Fashion",,,
seventeen.holiday,available,84,7%,9,Mathematics,,,
twentytwo.holiday,available,84,10%,10,Mathematics,,,
accessory.holiday,available,84,8%,9,"Fashion,Retail,Technology",,,
deviate.holiday,available,84,12%,7,"Medicine,Science",,,
acting.holiday,available,84,12%,6,Entertainment,,,
cleansing.holiday,available,82,3%,9,Health and Fitness,,,
abkhaz.holiday,available,82,1%,6,Geography,,,
fivesome.holiday,available,82,1%,8,Sports,,,
abroach.holiday,available,82,1%,7,Food and Beverage,,,
abdominal.holiday,available,82,1%,9,"Health and Fitness,Medicine",,,
dozen.holiday,available,82,10%,5,Mathematics,,,
decade.holiday,available,82,10%,6,Mathematics,,,
enduring.holiday,available,82,9%,8,"Health and Fitness,Religion",,,
absorbent.holiday,available,82,3%,9,"Healthcare,Manufacturing,Retail",,,
altered.holiday,available,82,9%,7,"Medicine,Science",,,
abenaki.holiday,available,82,2%,7,Geography,,,
impromptu.holiday,available,82,16%,9,Entertainment,,,
two.holiday,available,80,23%,3,Mathematics,,,
adoptable.holiday,available,80,3%,9,"Education,Healthcare",,,
abundant.holiday,available,80,19%,8,"Agriculture,Manufacturing,Retail",,,
forty.holiday,available,80,9%,5,Mathematics,,,
absurd.holiday,available,80,16%,6,"Arts,Entertainment,Media",,,
superstar.holiday,available,80,18%,9,Entertainment,,,
nine.holiday,available,80,24%,4,"General,Mathematics",,,
yard.holiday,available,80,25%,4,"Construction,General",,,
twenty.holiday,available,80,12%,6,Mathematics,,,
capable.holiday,available,80,12%,7,"Business,Education,Technology",,,
absorbable.holiday,available,80,0%,10,"Healthcare,Pharmaceuticals,Science",,,
some.holiday,available,80,32%,4,"Business,Media,Retail",,,
dorsal.holiday,available,80,6%,6,"Medicine,Science",,,
wiz.holiday,available,80,30%,3,"Business,Education,Technology",,,
able.holiday,available,80,29%,4,"Business,Education,General,Technology",,,
trio.holiday,available,80,21%,4,Entertainment,,,
sequent.holiday,available,80,7%,7,"Healthcare,Insurance,Transportation",,,
worshipful.holiday,available,80,1%,10,"Education,Healthcare,Religion",,,
first.holiday,resell,80,34%,5,"General,Mathematics",14/10/2024 18:24,14/10/2025 18:24,Dynadot Inc
seventh.holiday,available,80,10%,7,Mathematics,,,
absolute.holiday,available,80,25%,8,"Engineering,Mathematics,Science",,,
abounding.holiday,available,78,2%,9,Agriculture,,,
dormant.holiday,available,78,4%,7,"Medicine,Science",,,
athletic.holiday,available,78,15%,8,"Health and Fitness,Sports",,,
abkhasian.holiday,available,78,1%,9,Geography,,,
adjacent.holiday,available,78,9%,8,"Construction,Real Estate,Retail",,,
absorptive.holiday,available,78,1%,10,"Healthcare,Manufacturing,Retail",,,
honestly.holiday,available,78,9%,8,"Business,Law",,,
sixtynine.holiday,available,78,8%,10,Mathematics,,,
accurate.holiday,available,78,16%,8,"Engineering,Mathematics,Science",,,
acceptant.holiday,available,78,1%,9,"Education,Healthcare",,,
twentysix.holiday,available,78,8%,10,Mathematics,,,
accepted.holiday,available,78,6%,8,"Business,Education,Technology",,,
acceptable.holiday,available,78,5%,10,"Business,Hospitality,Retail",,,
recognized.holiday,available,78,3%,10,"Business,Education,Technology",,,
adrenal.holiday,available,78,4%,7,"Education,Healthcare,Science",,,
abkhazian.holiday,available,78,1%,9,Geography,,,
accidental.holiday,available,78,11%,10,"Healthcare,Insurance,Transportation",,,
recognised.holiday,available,78,3%,10,"Business,Education,Technology",,,
low.holiday,available,78,20%,3,"Business,Finance",,,
accessible.holiday,available,78,21%,10,"Healthcare,Retail,Technology",,,
adorable.holiday,available,78,8%,8,"Entertainment,Fashion,Retail",,,
auxiliary.holiday,available,76,7%,9,"Healthcare,Manufacturing,Technology",,,
eighteen.holiday,available,76,7%,8,Mathematics,,,
fourteenth.holiday,available,76,2%,10,Mathematics,,,
addable.holiday,available,76,2%,7,"Engineering,Mathematics,Science",,,
resultant.holiday,available,76,2%,9,"Healthcare,Insurance,Transportation",,,
acoustic.holiday,available,76,14%,8,Science,,,
firstrate.holiday,available,76,6%,10,Business,,,
adipose.holiday,available,76,2%,7,"Healthcare,Science",,,
fifteenth.holiday,available,76,2%,9,Mathematics,,,
threed.holiday,available,76,7%,7,Technology,,,
energizing.holiday,available,76,3%,10,"Food and Beverage,Health and Fitness,Travel",,,
ague.holiday,available,76,2%,4,"Geography,Medicine,Science",,,
thousandth.holiday,available,76,1%,10,Mathematics,,,
diamond.holiday,available,76,32%,7,Fashion,,,
incidental.holiday,available,76,4%,10,"Healthcare,Insurance,Transportation",,,
hundredth.holiday,available,76,1%,9,Mathematics,,,
obscene.holiday,available,76,5%,7,"Entertainment,Media",,,
improvise.holiday,available,76,4%,9,Entertainment,,,
nineteenth.holiday,available,76,3%,10,Mathematics,,,
thirteenth.holiday,available,76,3%,10,Mathematics,,,
ventral.holiday,available,76,3%,7,Science,,,
ancillary.holiday,available,76,6%,9,"Healthcare,Manufacturing,Technology",,,
adherent.holiday,available,76,4%,8,"Politics,Religion",,,
adhesive.holiday,available,76,7%,8,"Construction,Manufacturing,Technology",,,
adaptable.holiday,available,76,9%,9,"Business,Education,Technology",,,
adaptive.holiday,available,76,28%,8,"Business,Education,Technology",,,
abrasive.holiday,available,76,6%,8,"Construction,Manufacturing",,,
supra.holiday,available,74,25%,5,"Medicine,Science",,,
adrenergic.holiday,available,74,1%,10,"Education,Healthcare,Science",,,
mavin.holiday,available,74,7%,5,"Entertainment,Fashion,Technology",,,
adamant.holiday,available,74,14%,7,Religion,,,
adapted.holiday,available,74,6%,7,"Healthcare,Manufacturing,Technology",,,
aberrant.holiday,available,74,6%,8,"Medicine,Science",,,
manageable.holiday,available,74,4%,10,"Business,Education,Technology",,,
sensation.holiday,available,74,7%,9,"Entertainment,Media,Sports",,,
achievable.holiday,available,74,4%,10,"Business,Education,Technology",,,
abnormal.holiday,available,74,16%,8,"Medicine,Science",,,
acuate.holiday,available,74,2%,6,"Engineering,Medicine,Science",,,
activated.holiday,available,74,9%,9,"Healthcare,Manufacturing,Technology",,,
playing.holiday,available,74,12%,7,Entertainment,,,
skilful.holiday,available,74,3%,7,"Education,Health and Fitness,Sports",,,
adenoid.holiday,available,74,1%,7,"Health and Fitness,Medicine,Science",,,
accepting.holiday,available,74,3%,9,"Education,Healthcare",,,
single.holiday,available,74,19%,6,Sports,,,
cleared.holiday,available,74,7%,7,"Healthcare,Law,Transportation",,,
admirable.holiday,available,74,5%,9,"Business,Education,Healthcare",,,
broad.holiday,available,74,13%,5,"Entertainment,General,Media",,,
realizable.holiday,available,74,1%,10,"Business,Education,Technology",,,
adjunctive.holiday,available,72,1%,10,"Healthcare,Manufacturing,Technology",,,
deep.holiday,resell,72,41%,4,"Engineering,Mathematics,Science",01/02/2025 15:03,01/02/2026 15:03,Dynadot Inc
ablaze.holiday,available,72,6%,6,Entertainment,,,
sixtieth.holiday,available,72,1%,8,Mathematics,,,
lovely.holiday,available,72,26%,6,"Entertainment,Fashion,Retail",,,
abloom.holiday,available,72,5%,6,Agriculture,,,
eightieth.holiday,available,72,1%,9,Mathematics,,,
adiabatic.holiday,available,72,3%,9,"Engineering,Science",,,
ternary.holiday,available,72,7%,7,Mathematics,,,
aching.holiday,available,72,4%,6,Healthcare,,,
adonic.holiday,available,72,2%,6,"Arts,Education,Entertainment",,,
trinity.holiday,available,72,18%,7,Religion,,,
engrossed.holiday,available,72,1%,9,"Entertainment,Media,Technology",,,
accusative.holiday,available,72,0%,10,"Humanities,Law",,,
abreast.holiday,available,72,2%,7,"Business,Technology",,,
absorbed.holiday,available,72,2%,8,"Entertainment,Media,Technology",,,
ninetieth.holiday,available,72,1%,9,Mathematics,,,
existent.holiday,available,72,3%,8,"Mathematics,Science",,,
seventieth.holiday,available,72,1%,10,Mathematics,,,
liv.holiday,available,72,28%,3,Mathematics,,,
adaptative.holiday,available,72,1%,10,"Business,Education,Technology",,,
addicted.holiday,available,72,9%,8,Healthcare,,,
accustomed.holiday,available,72,1%,10,"Business,Education,Humanities",,,
trey.holiday,available,72,13%,4,Sports,,,
adjectival.holiday,available,72,1%,10,Education,,,
improvize.holiday,available,72,1%,9,Entertainment,,,
champion.holiday,available,72,28%,8,"Entertainment,Health and Fitness,Sports",,,
absolutist.holiday,available,72,1%,10,"Humanities,Law,Politics",,,
offhand.holiday,available,70,2%,7,Entertainment,,,
adjusted.holiday,available,70,5%,8,"Manufacturing,Retail,Technology",,,
lowdown.holiday,available,70,6%,8,"Entertainment,Media",,,
skillful.holiday,available,70,9%,8,"Education,Health and Fitness,Sports",,,
adored.holiday,available,70,6%,6,"Entertainment,Fashion,Retail",,,
consequent.holiday,available,70,3%,10,"Business,Education,General,Technology",,,
unity.holiday,available,70,38%,5,Mathematics,,,
abulic.holiday,available,70,1%,6,Medicine,,,
admired.holiday,available,70,5%,7,"Business,Education,Healthcare",,,
accumbent.holiday,available,70,1%,9,"Healthcare,Medicine,Science",,,
stillborn.holiday,available,70,2%,9,"Medicine,Science",,,
miserable.holiday,available,70,4%,9,Humanities,,,
practiced.holiday,available,70,3%,9,"Education,Health and Fitness,Sports",,,
abradant.holiday,available,70,1%,8,"Construction,Manufacturing",,,
gymnastic.holiday,available,70,3%,9,"Entertainment,Sports",,,
acuminate.holiday,available,70,1%,9,"Engineering,Medicine,Science",,,
absorbing.holiday,available,70,3%,9,"Entertainment,Media,Technology",,,
tiptop.holiday,available,70,24%,6,Fashion,,,
adamantine.holiday,available,70,4%,10,Religion,,,
recumbent.holiday,available,70,2%,9,"Healthcare,Medicine,Science",,,
vindicated.holiday,available,68,2%,10,"Humanities,Law,Politics",,,
aculeate.holiday,available,68,1%,8,"Engineering,Medicine,Science",,,
licenced.holiday,available,68,2%,8,"Business,Healthcare,Insurance",,,
aberdonian.holiday,available,68,1%,10,Geography,,,
scurvy.holiday,available,68,3%,6,Humanities,,,
accredited.holiday,available,68,9%,10,"Business,Education,Healthcare",,,
decorated.holiday,available,68,3%,9,"Entertainment,Fashion,Retail",,,
ane.holiday,available,68,12%,3,Mathematics,,,
fortieth.holiday,available,68,1%,8,Mathematics,,,
septenary.holiday,available,68,2%,9,Mathematics,,,
abducent.holiday,available,68,0%,8,Medicine,,,
octonary.holiday,available,68,1%,8,Mathematics,,,
disciple.holiday,available,68,14%,8,"Education,Religion",,,
acerate.holiday,available,68,1%,7,Science,,,
thirtieth.holiday,available,68,1%,9,Mathematics,,,
achaean.holiday,available,68,2%,7,Humanities,,,
threesome.holiday,available,68,5%,9,Entertainment,,,
overseas.holiday,available,68,12%,8,"Hospitality,Travel",,,
foursome.holiday,available,68,4%,8,Sports,,,
aroused.holiday,available,68,3%,7,"Entertainment,Health and Fitness",,,
sevener.holiday,available,68,1%,7,Mathematics,,,
activating.holiday,available,68,3%,10,"Healthcare,Manufacturing,Technology",,,
licensed.holiday,available,68,5%,8,"Business,Healthcare,Insurance",,,
abnaki.holiday,available,68,1%,6,Geography,,,
stygian.holiday,available,68,5%,7,Humanities,,,
fiftieth.holiday,available,68,1%,8,Mathematics,,,
ablative.holiday,available,68,3%,8,Science,,,
ennead.holiday,available,68,5%,6,Mathematics,,,
achaian.holiday,available,68,2%,7,Humanities,,,
abkhas.holiday,available,68,0%,6,Geography,,,
xviii.holiday,available,66,4%,5,Mathematics,,,
tenner.holiday,available,66,4%,6,Finance,,,
adorned.holiday,available,66,5%,7,"Entertainment,Fashion,Retail",,,
sextet.holiday,available,66,2%,6,Entertainment,,,
accessary.holiday,available,66,1%,9,"Business,Law,Technology",,,
deuce.holiday,available,66,8%,5,Sports,,,
xxii.holiday,available,66,6%,4,Mathematics,,,
six.holiday,available,66,26%,3,Mathematics,,,
ninety.holiday,available,66,11%,6,Mathematics,,,
xxvi.holiday,available,66,3%,4,Mathematics,,,
according.holiday,available,66,3%,9,"Business,Education,Technology",,,
fifty.holiday,available,66,13%,5,Mathematics,,,
performing.holiday,available,66,6%,10,Entertainment,,,
eighty.holiday,available,66,6%,6,Mathematics,,,
four.holiday,available,66,27%,4,Mathematics,,,
century.holiday,available,66,17%,7,Education,,,
onec.holiday,available,66,6%,5,Mathematics,,,
maven.holiday,available,66,30%,5,"Entertainment,Fashion,Technology",,,
acappella.holiday,available,66,6%,10,Entertainment,,,
xii.holiday,available,66,10%,3,Mathematics,,,
clv.holiday,available,66,10%,3,Mathematics,,,
latest.holiday,available,66,18%,6,Technology,,,
abstinent.holiday,available,66,1%,9,"Health and Fitness,Religion",,,
five.holiday,available,66,26%,4,Mathematics,,,
xxi.holiday,available,66,10%,3,Mathematics,,,
xvii.holiday,available,66,5%,4,Mathematics,,,
exonerated.holiday,available,66,2%,10,"Humanities,Law,Politics",,,
buzzing.holiday,available,66,7%,7,"Entertainment,Media,Technology",,,
acervate.holiday,available,66,1%,8,Science,,,
acrobatic.holiday,available,66,4%,9,"Entertainment,Sports",,,
xxv.holiday,available,66,6%,3,Mathematics,,,
teenager.holiday,available,66,4%,8,"Education,Entertainment,Healthcare",,,
xvi.holiday,available,66,4%,3,Mathematics,,,
adopted.holiday,available,66,4%,7,"Education,Healthcare",,,
xiii.holiday,available,66,9%,4,Mathematics,,,
thirty.holiday,available,66,7%,6,Mathematics,,,
modish.holiday,available,66,5%,6,Fashion,,,
rising.holiday,available,64,18%,6,"Construction,Manufacturing,Real Estate",,,
ccc.holiday,available,64,38%,3,Mathematics,,,
deviant.holiday,available,64,12%,7,"Medicine,Science",,,
adagio.holiday,available,64,14%,6,Entertainment,,,
astringent.holiday,available,64,1%,10,"Healthcare,Pharmaceuticals",,,
absolved.holiday,available,64,1%,8,"Humanities,Law,Religion",,,
scatty.holiday,available,64,1%,6,"Arts,Entertainment,Media",,,
aflame.holiday,available,64,3%,6,Entertainment,,,
accordant.holiday,available,64,3%,9,"Arts,Entertainment",,,
nondrinker.holiday,available,64,1%,10,"Health and Fitness,Religion",,,
acentric.holiday,available,64,2%,8,Science,,,
eighteenth.holiday,available,62,1%,10,Mathematics,,,
acidic.holiday,available,62,5%,6,"Food and Beverage,Science",,,
roughly.holiday,available,62,3%,7,"Business,Media,Technology",,,
orso.holiday,available,62,9%,5,"Business,Media,Technology",,,
aufait.holiday,available,62,3%,7,"Fashion,Media",,,
aborigine.holiday,available,62,1%,9,Humanities,,,
longdozen.holiday,available,62,1%,10,Mathematics,,,
adjuvant.holiday,available,62,5%,8,"Healthcare,Manufacturing,Technology",,,
twodozen.holiday,available,62,1%,9,Mathematics,,,
accrued.holiday,available,62,2%,7,"Banking,Finance,Insurance",,,
adoptive.holiday,available,62,1%,8,"Education,Healthcare",,,
pungent.holiday,available,62,1%,7,Food and Beverage,,,
wrapped.holiday,available,62,13%,7,"Fashion,Hospitality,Retail",,,
activation.holiday,available,62,16%,10,"Healthcare,Manufacturing,Technology",,,
activistic.holiday,available,62,1%,10,"Humanities,Politics",,,
abo.holiday,available,62,15%,3,Science,,,
cumulative.holiday,available,62,2%,10,"Banking,Finance,Insurance",,,
exculpated.holiday,available,62,1%,10,"Humanities,Law,Politics",,,
chiliad.holiday,available,62,2%,7,Mathematics,,,
playacting.holiday,available,62,1%,10,Entertainment,,,
sixteenth.holiday,available,62,1%,9,Mathematics,,,
quartet.holiday,available,62,7%,7,"Arts,Entertainment",,,
fortyfour.holiday,available,62,6%,10,Mathematics,,,
eleventh.holiday,available,62,5%,8,Mathematics,,,
admissible.holiday,available,62,1%,10,"Education,Healthcare,Law",,,
nail.holiday,available,62,16%,4,"Construction,Fashion,General,Retail",,,
ensuant.holiday,available,62,1%,7,"Healthcare,Insurance,Transportation",,,
troika.holiday,available,62,8%,6,Politics,,,
accusing.holiday,available,62,1%,8,Law,,,
idolised.holiday,available,60,1%,8,"Entertainment,Fashion,Retail",,,
clxv.holiday,available,60,1%,4,Mathematics,,,
eightysix.holiday,available,60,7%,10,Mathematics,,,
clxx.holiday,available,60,2%,4,Mathematics,,,
cxxx.holiday,available,60,3%,4,Mathematics,,,
cxxxv.holiday,available,60,1%,5,Mathematics,,,
tertiary.holiday,available,60,4%,8,Education,,,
acceptive.holiday,available,60,1%,9,"Education,Healthcare",,,
abstainer.holiday,available,60,0%,9,"Health and Fitness,Religion",,,
xcl.holiday,available,60,5%,3,Mathematics,,,
idolized.holiday,available,60,3%,8,"Entertainment,Fashion,Retail",,,
aboveboard.holiday,available,60,5%,10,"Business,Law",,,
cxl.holiday,available,60,7%,3,Mathematics,,,
adnate.holiday,available,60,1%,6,"Agriculture,Manufacturing,Retail",,,
octet.holiday,available,60,12%,5,Arts,,,
cxv.holiday,available,60,4%,3,Mathematics,,,
abashed.holiday,available,60,1%,7,Humanities,,,
clxxv.holiday,available,60,1%,5,Mathematics,,,
cxxv.holiday,available,60,1%,4,Mathematics,,,
cxx.holiday,available,60,9%,3,Mathematics,,,
clxxx.holiday,available,60,1%,5,Mathematics,,,
paunchy.holiday,available,60,0%,7,"Health and Fitness,Medicine",,,
annexal.holiday,available,60,1%,7,"Agriculture,Manufacturing,Retail",,,
adnexal.holiday,available,60,1%,7,"Agriculture,Manufacturing,Retail",,,
thou.holiday,available,60,7%,4,Mathematics,,,
sixty.holiday,available,60,13%,5,Mathematics,,,
clx.holiday,available,60,8%,3,Mathematics,,,
abstemious.holiday,available,60,0%,10,"Food and Beverage,Health and Fitness,Hospitality",,,
cautionary.holiday,available,60,1%,10,"Business,Education,Healthcare",,,
cxlv.holiday,available,60,2%,4,Mathematics,,,
tercet.holiday,available,59,2%,6,"Arts,Entertainment,Media",,,
actuarial.holiday,available,58,8%,9,"Finance,Insurance,Mathematics",,,
twelfth.holiday,available,58,2%,7,Mathematics,,,
seventy.holiday,available,58,7%,7,Mathematics,,,
sixtyone.holiday,available,58,5%,9,Mathematics,,,
adhoc.holiday,available,58,24%,6,"Business,Engineering,Technology",,,
abridged.holiday,available,58,4%,8,Media,,,
lxxviii.holiday,available,58,1%,7,Mathematics,,,
abandoned.holiday,available,58,10%,9,"Construction,Real Estate",,,
heptad.holiday,available,58,2%,6,Mathematics,,,
sixer.holiday,available,58,5%,5,Sports,,,
super.holiday,resell,58,47%,5,Business,07/04/2014 22:03,07/04/2026 22:03,1API GmbH
enwrapped.holiday,available,58,0%,9,"Entertainment,Fashion,Media",,,
ache.holiday,available,58,7%,4,Healthcare,,,
aucourant.holiday,available,58,3%,10,"Fashion,Media",,,
fifth.holiday,available,58,12%,5,Mathematics,,,
hexad.holiday,available,58,5%,5,Mathematics,,,
closeto.holiday,available,58,3%,8,"Business,Media,Technology",,,
addible.holiday,available,58,2%,7,"Engineering,Mathematics,Science",,,
offhanded.holiday,available,58,1%,9,Entertainment,,,
linear.holiday,available,58,22%,6,"Engineering,Mathematics,Science",,,
accretive.holiday,available,58,6%,9,"Banking,Finance,Insurance",,,
quintet.holiday,available,58,8%,7,"Arts,Entertainment",,,
accoutred.holiday,available,58,1%,9,"Fashion,Manufacturing,Retail",,,
abused.holiday,available,58,5%,6,"Healthcare,Law",,,
alacarte.holiday,available,58,11%,10,Food and Beverage,,,
centesimal.holiday,available,58,1%,10,Mathematics,,,
abuzz.holiday,available,58,5%,5,"Entertainment,Media,Technology",,,
fourscore.holiday,available,58,4%,9,Mathematics,,,
adjustive.holiday,available,58,1%,9,"Manufacturing,Retail,Technology",,,
adient.holiday,available,58,4%,6,"Medicine,Science",,,
fourth.holiday,available,58,13%,6,Mathematics,,,
acyclic.holiday,available,58,4%,7,"Engineering,Mathematics,Science",,,
octad.holiday,available,58,5%,5,Mathematics,,,
seven.holiday,available,58,35%,5,Mathematics,,,
tetrad.holiday,available,58,5%,6,Mathematics,,,
pentad.holiday,available,58,3%,6,Mathematics,,,
acetic.holiday,available,58,1%,6,"Food and Beverage,Science",,,
accented.holiday,available,58,3%,8,"Arts,Entertainment",,,
lxxx.holiday,available,58,2%,4,Mathematics,,,
cypher.holiday,available,58,28%,6,Mathematics,,,
sextuplet.holiday,available,58,1%,9,Healthcare,,,
addressed.holiday,available,58,3%,9,"Business,Technology,Telecommunications",,,
niner.holiday,available,58,5%,5,Mathematics,,,
justabout.holiday,available,58,3%,10,"Business,Media,Technology",,,
eighter.holiday,available,58,2%,7,Mathematics,,,
xxxiii.holiday,available,56,2%,6,Mathematics,,,
xxxii.holiday,available,56,1%,5,Mathematics,,,
accoutered.holiday,available,56,0%,10,"Fashion,Manufacturing,Retail",,,
ilx.holiday,available,56,6%,3,Mathematics,,,
xxxvii.holiday,available,56,2%,6,Mathematics,,,
triad.holiday,available,56,15%,5,Arts,,,
terzetto.holiday,available,56,3%,8,Arts,,,
lvii.holiday,available,56,2%,4,Mathematics,,,
xlvi.holiday,available,56,3%,4,Mathematics,,,
addled.holiday,available,56,2%,6,Entertainment,,,
xlviii.holiday,available,56,1%,6,Mathematics,,,
xxvii.holiday,available,56,3%,5,Mathematics,,,
xxxviii.holiday,available,56,1%,7,Mathematics,,,
fortytwo.holiday,available,56,17%,9,Mathematics,,,
thirtysix.holiday,available,56,5%,10,Mathematics,,,
xxxi.holiday,available,56,8%,4,Mathematics,,,
fortyone.holiday,available,56,5%,9,Mathematics,,,
fortynine.holiday,available,56,3%,10,Mathematics,,,
xlvii.holiday,available,56,2%,5,Mathematics,,,
xxiii.holiday,available,56,4%,5,Mathematics,,,
xxviii.holiday,available,56,1%,6,Mathematics,,,
xxiv.holiday,available,56,5%,4,Mathematics,,,
admittible.holiday,available,56,1%,10,"Education,Healthcare,Hospitality",,,
xli.holiday,available,56,5%,3,Mathematics,,,
admittable.holiday,available,56,1%,10,"Education,Healthcare,Hospitality",,,
xxxiv.holiday,available,56,1%,5,Mathematics,,,
halfdozen.holiday,available,56,1%,10,Mathematics,,,
abdominous.holiday,available,56,0%,10,"Health and Fitness,Medicine",,,
thirtytwo.holiday,available,56,4%,10,Mathematics,,,
appressed.holiday,available,56,0%,9,"Agriculture,Manufacturing,Retail",,,
aone.holiday,available,56,15%,5,Food and Beverage,,,
fiftyone.holiday,available,56,8%,9,Mathematics,,,
xliv.holiday,available,56,3%,4,Mathematics,,,
fiftynine.holiday,available,56,4%,10,Mathematics,,,
maledict.holiday,available,56,1%,8,Religion,,,
xxxvi.holiday,available,56,1%,5,Mathematics,,,
fortysix.holiday,available,56,4%,9,Mathematics,,,
abeyant.holiday,available,56,1%,7,"Business,Law",,,
xliii.holiday,available,56,1%,5,Mathematics,,,
fiftysix.holiday,available,56,4%,9,Mathematics,,,
lviii.holiday,available,56,1%,5,Mathematics,,,
xxxv.holiday,available,56,4%,4,Mathematics,,,
admissive.holiday,available,56,1%,9,"Education,Healthcare,Hospitality",,,
potbellied.holiday,available,56,0%,10,"Health and Fitness,Medicine",,,
fiftyfive.holiday,available,56,8%,10,Mathematics,,,
lvi.holiday,available,56,8%,3,Mathematics,,,
lii.holiday,available,56,7%,3,Mathematics,,,
xlv.holiday,available,56,6%,3,Mathematics,,,
xxix.holiday,available,56,4%,4,Mathematics,,,
xlii.holiday,available,56,5%,4,Mathematics,,,
thirtyone.holiday,available,56,4%,10,Mathematics,,,
fiftyfour.holiday,available,56,4%,10,Mathematics,,,
liii.holiday,available,56,4%,4,Mathematics,,,
fiftytwo.holiday,available,56,6%,9,Mathematics,,,
accentual.holiday,available,54,3%,9,"Arts,Entertainment",,,
abasic.holiday,available,54,1%,6,Science,,,
adaxial.holiday,available,54,2%,7,Science,,,
scratchy.holiday,available,54,3%,8,Fashion,,,
adpressed.holiday,available,54,0%,9,"Agriculture,Manufacturing,Retail",,,
adjuratory.holiday,available,54,0%,10,"Law,Politics,Religion",,,
fortyfive.holiday,available,54,5%,10,Mathematics,,,
vii.holiday,available,54,13%,3,Mathematics,,,
actuated.holiday,available,54,2%,8,"Automotive,Manufacturing,Technology",,,
achy.holiday,available,54,3%,4,Healthcare,,,
quatern.holiday,available,54,2%,7,Mathematics,,,
abatic.holiday,available,54,1%,6,Science,,,
achromatic.holiday,available,54,4%,10,Science,,,
monitory.holiday,available,54,3%,8,"Business,Education,Healthcare",,,
adducent.holiday,available,54,1%,8,"Engineering,Mathematics,Science",,,
accursed.holiday,available,54,3%,8,"Entertainment,Media,Religion",,,
abient.holiday,available,54,1%,6,Science,,,
adductive.holiday,available,54,0%,9,"Engineering,Mathematics,Science",,,
viii.holiday,available,54,6%,4,Mathematics,,,
deuceace.holiday,available,54,1%,9,Sports,,,
abducens.holiday,available,54,1%,8,Medicine,,,
quintuplet.holiday,available,54,1%,10,"Healthcare,Medicine,Science",,,
threescore.holiday,available,54,2%,10,Mathematics,,,
fin.holiday,available,54,30%,3,Finance,,,
quaternion.holiday,available,54,6%,10,Mathematics,,,
quadruplet.holiday,available,54,1%,10,"Healthcare,Medicine,Science",,,
unnatural.holiday,available,54,4%,9,"Medicine,Science",,,
admonitory.holiday,available,54,0%,10,"Business,Education,Healthcare",,,
quaternity.holiday,available,54,4%,10,Mathematics,,,
topnotch.holiday,available,54,18%,8,Business,,,
twoscore.holiday,available,54,2%,8,Mathematics,,,
abaxial.holiday,available,54,1%,7,Science,,,
aboral.holiday,available,54,2%,6,Science,,,
acoustical.holiday,available,54,4%,10,Science,,,
deserted.holiday,available,54,3%,8,"Hospitality,Real Estate",,,
sise.holiday,available,54,5%,4,Mathematics,,,
abatable.holiday,available,54,1%,8,Law,,,
abhorrent.holiday,available,54,1%,9,Humanities,,,
adducting.holiday,available,54,1%,9,"Engineering,Mathematics,Science",,,
iii.holiday,available,54,24%,3,Mathematics,,,
ternion.holiday,available,54,3%,7,Mathematics,,,
sestet.holiday,available,53,1%,6,Arts,,,
septet.holiday,available,53,1%,6,General,,,
sixtyfive.holiday,available,52,3%,10,Mathematics,,,
lxxxiii.holiday,available,52,1%,7,Mathematics,,,
eightytwo.holiday,available,52,4%,10,Mathematics,,,
abominable.holiday,available,52,2%,10,"Entertainment,Humanities",,,
lxxxvii.holiday,available,52,1%,7,Mathematics,,,
lxvii.holiday,available,52,1%,5,Mathematics,,,
sixtytwo.holiday,available,52,3%,9,Mathematics,,,
lxxxv.holiday,available,52,1%,5,Mathematics,,,
xciv.holiday,available,52,2%,4,Mathematics,,,
uphill.holiday,available,52,7%,6,"Sports,Transportation,Travel",,,
lxxxii.holiday,available,52,1%,6,Mathematics,,,
lxxv.holiday,available,52,2%,4,Mathematics,,,
abusive.holiday,available,52,3%,7,"Healthcare,Law",,,
lxiv.holiday,available,52,3%,4,Mathematics,,,
lxv.holiday,available,52,5%,3,Mathematics,,,
decumbent.holiday,available,52,1%,9,"Healthcare,Medicine,Science",,,
odious.holiday,available,52,2%,6,"Entertainment,Humanities",,,
lxii.holiday,available,52,2%,4,Mathematics,,,
eightyone.holiday,available,52,3%,10,Mathematics,,,
aboulic.holiday,available,52,1%,7,Medicine,,,
tierce.holiday,available,52,3%,6,General,,,
xcviii.holiday,available,52,1%,6,Mathematics,,,
abysmal.holiday,available,52,4%,7,"Arts,Entertainment,Media",,,
lxxii.holiday,available,52,1%,5,Mathematics,,,
xci.holiday,available,52,4%,3,Mathematics,,,
detestable.holiday,available,52,1%,10,Humanities,,,
sixtyfour.holiday,available,52,4%,10,Mathematics,,,
ninetytwo.holiday,available,52,4%,10,Mathematics,,,
abstruse.holiday,available,52,5%,8,"Humanities,Mathematics,Science",,,
lxxi.holiday,available,52,2%,4,Mathematics,,,
littlejoe.holiday,available,52,2%,10,"Entertainment,Media",,,
lxxiv.holiday,available,52,1%,5,Mathematics,,,
lxxiii.holiday,available,52,2%,6,Mathematics,,,
sixtysix.holiday,available,52,5%,9,Mathematics,,,
lxviii.holiday,available,52,2%,6,Mathematics,,,
ablated.holiday,available,52,1%,7,Science,,,
ninetyone.holiday,available,52,5%,10,Mathematics,,,
xcii.holiday,available,52,2%,4,Mathematics,,,
lxvi.holiday,available,52,3%,4,Mathematics,,,
xciii.holiday,available,52,1%,5,Mathematics,,,
xcvi.holiday,available,52,2%,4,Mathematics,,,
lxxxvi.holiday,available,52,1%,6,Mathematics,,,
repugnant.holiday,available,52,1%,9,Humanities,,,
xcvii.holiday,available,52,1%,5,Mathematics,,,
repulsive.holiday,available,52,1%,9,Humanities,,,
ninetysix.holiday,available,52,4%,10,Mathematics,,,
lxxvi.holiday,available,52,1%,5,Mathematics,,,
chagrined.holiday,available,52,1%,9,Humanities,,,
lxxxi.holiday,available,52,1%,5,Mathematics,,,
lxi.holiday,available,52,5%,3,Mathematics,,,
xcv.holiday,available,52,7%,3,Mathematics,,,
adenoidal.holiday,available,52,1%,9,"Health and Fitness,Medicine,Science",,,
ixl.holiday,available,52,9%,3,Mathematics,,,
lxxvii.holiday,available,52,2%,6,Mathematics,,,
lxxxiv.holiday,available,52,1%,6,Mathematics,,,
ixc.holiday,available,52,5%,3,Mathematics,,,
lxiii.holiday,available,52,2%,5,Mathematics,,,
acerbic.holiday,available,50,2%,7,"Arts,Humanities,Media",,,
aborticide.holiday,available,50,0%,10,Medicine,,,
abomasal.holiday,available,50,0%,8,Agriculture,,,
lxx.holiday,available,50,5%,3,Mathematics,,,
acerose.holiday,available,50,1%,7,Science,,,
acerb.holiday,available,50,2%,5,Science,,,
acapnotic.holiday,available,50,0%,9,"Healthcare,Medicine,Science",,,
cinque.holiday,available,50,7%,6,Mathematics,,,
aculeated.holiday,available,50,0%,9,"Engineering,Medicine,Science",,,
acaudal.holiday,available,50,1%,7,"Agriculture,Science",,,
acquitted.holiday,available,50,1%,9,Law,,,
quint.holiday,available,50,13%,5,"Arts,Entertainment",,,
trine.holiday,available,50,11%,5,"General,Religion",,,
ogdoad.holiday,available,50,1%,6,Mathematics,,,
scummy.holiday,available,50,1%,6,Humanities,,,
acellular.holiday,available,50,1%,9,Science,,,
adactylous.holiday,available,50,0%,10,Science,,,
abducting.holiday,available,50,0%,9,Medicine,,,
broached.holiday,available,50,0%,8,Food and Beverage,,,
triplet.holiday,available,50,8%,7,Science,,,
needlelike.holiday,available,50,0%,10,"Engineering,Medicine,Science",,,
spinous.holiday,available,50,1%,7,"Agriculture,Science",,,
abranchial.holiday,available,50,0%,10,Science,,,
abdicable.holiday,available,50,0%,9,Law,,,
vinegary.holiday,available,50,1%,8,Food and Beverage,,,
abactinal.holiday,available,50,0%,9,Science,,,
abbatial.holiday,available,50,0%,8,Religion,,,
acetose.holiday,available,50,1%,7,Science,,,
acetous.holiday,available,50,1%,7,Science,,,
adhominem.holiday,available,50,2%,10,"Humanities,Law,Politics",,,
gillless.holiday,available,50,0%,9,Science,,,
acapnic.holiday,available,50,0%,7,"Healthcare,Medicine,Science",,,
ilxx.holiday,available,48,1%,4,Mathematics,,,
ilxxx.holiday,available,48,1%,5,Mathematics,,,
lxxxviii.holiday,available,48,1%,8,Mathematics,,,
notguilty.holiday,available,48,5%,10,Law,,,
apriori.holiday,available,48,13%,8,Mathematics,,,
abstracted.holiday,available,48,5%,10,"Arts,Humanities,Science",,,
abyssal.holiday,available,48,12%,7,"Arts,Entertainment,Media",,,
execrable.holiday,available,48,0%,9,"Entertainment,Humanities",,,
stripling.holiday,available,46,2%,9,"Education,Entertainment,Healthcare",,,
achromic.holiday,available,46,2%,8,Science,,,
stemless.holiday,available,46,2%,8,"Agriculture,Science",,,
acetylic.holiday,available,46,1%,8,Science,,,
acephalous.holiday,available,46,1%,10,Science,,,
acanthous.holiday,available,46,0%,9,"Agriculture,Science",,,
vinegarish.holiday,available,46,1%,10,Food and Beverage,,,
acanthotic.holiday,available,46,0%,10,"Agriculture,Science",,,
acetonic.holiday,available,46,1%,8,Science,,,
acaudate.holiday,available,46,1%,8,"Agriculture,Science",,,
acanthoid.holiday,available,46,1%,9,"Agriculture,Science",,,
acapnial.holiday,available,46,0%,8,"Healthcare,Medicine,Science",,,
acetylenic.holiday,available,46,1%,10,Science,,,
acheronian.holiday,available,46,1%,10,Humanities,,,
cotyloid.holiday,available,46,1%,8,Science,,,
achromous.holiday,available,46,1%,9,Science,,,
achenial.holiday,available,46,1%,8,Science,,,
acetabular.holiday,available,46,1%,10,Science,,,
acicular.holiday,available,46,2%,8,Science,,,
theabsurd.holiday,available,46,1%,10,"Arts,Entertainment,Media",,,
acarpelous.holiday,available,46,0%,10,"Agriculture,Science",,,
quaternary.holiday,available,46,3%,10,Mathematics,,,
acarpous.holiday,available,46,0%,8,"Agriculture,Science",,,
acherontic.holiday,available,44,1%,10,Humanities,,,
accusatory.holiday,available,44,1%,10,Law,,,
cotyloidal.holiday,available,44,1%,10,Science,,,
abscessed.holiday,available,41,0%,9,Healthcare,,,
phoebe.holiday,available,41,14%,6,Science,,,
accurst.holiday,available,40,1%,7,Religion,,,
accusive.holiday,available,40,1%,8,Law,,,
scurrilous.holiday,available,40,1%,10,"Entertainment,Media,Politics",,,